3976	Food	positive
3976	Interior	positive
3976	Price	absence
3976	Whole	positive
3976	Service	positive
30808	Food	positive
30808	Interior	positive
30808	Price	positive
30808	Whole	positive
30808	Service	positive
14031	Food	absence
14031	Interior	positive
14031	Price	absence
14031	Whole	positive
14031	Service	positive
2495	Food	positive
2495	Interior	positive
2495	Price	absence
2495	Whole	positive
2495	Service	positive
38835	Food	both
38835	Interior	absence
38835	Price	negative
38835	Whole	negative
38835	Service	positive
6668	Food	positive
6668	Interior	absence
6668	Price	absence
6668	Whole	positive
6668	Service	both
9662	Food	positive
9662	Interior	positive
9662	Price	positive
9662	Whole	positive
9662	Service	positive
14190	Food	positive
14190	Interior	positive
14190	Price	absence
14190	Whole	positive
14190	Service	positive
2107	Food	negative
2107	Interior	absence
2107	Price	absence
2107	Whole	negative
2107	Service	negative
3705	Food	positive
3705	Interior	positive
3705	Price	absence
3705	Whole	positive
3705	Service	positive
33591	Food	positive
33591	Interior	both
33591	Price	positive
33591	Whole	positive
33591	Service	positive
34956	Food	positive
34956	Interior	positive
34956	Price	absence
34956	Whole	positive
34956	Service	positive
3385	Food	both
3385	Interior	positive
3385	Price	absence
3385	Whole	both
3385	Service	both
33520	Food	positive
33520	Interior	positive
33520	Price	positive
33520	Whole	positive
33520	Service	positive
12366	Food	positive
12366	Interior	positive
12366	Price	absence
12366	Whole	both
12366	Service	positive
29321	Food	positive
29321	Interior	positive
29321	Price	negative
29321	Whole	both
29321	Service	both
22970	Food	positive
22970	Interior	positive
22970	Price	absence
22970	Whole	positive
22970	Service	positive
35867	Food	positive
35867	Interior	positive
35867	Price	positive
35867	Whole	positive
35867	Service	positive
36512	Food	positive
36512	Interior	positive
36512	Price	absence
36512	Whole	positive
36512	Service	positive
1200	Food	positive
1200	Interior	positive
1200	Price	both
1200	Whole	both
1200	Service	both
18220	Food	positive
18220	Interior	positive
18220	Price	absence
18220	Whole	positive
18220	Service	positive
36359	Food	positive
36359	Interior	positive
36359	Price	absence
36359	Whole	positive
36359	Service	positive
13823	Food	positive
13823	Interior	absence
13823	Price	positive
13823	Whole	positive
13823	Service	positive
1105	Food	positive
1105	Interior	positive
1105	Price	absence
1105	Whole	positive
1105	Service	positive
32856	Food	positive
32856	Interior	positive
32856	Price	absence
32856	Whole	positive
32856	Service	positive
6155	Food	positive
6155	Interior	absence
6155	Price	positive
6155	Whole	positive
6155	Service	positive
37975	Food	positive
37975	Interior	positive
37975	Price	positive
37975	Whole	positive
37975	Service	positive
23858	Food	absence
23858	Interior	absence
23858	Price	absence
23858	Whole	negative
23858	Service	negative
10625	Food	absence
10625	Interior	positive
10625	Price	absence
10625	Whole	positive
10625	Service	both
25861	Food	both
25861	Interior	positive
25861	Price	absence
25861	Whole	both
25861	Service	negative
4106	Food	absence
4106	Interior	positive
4106	Price	absence
4106	Whole	negative
4106	Service	negative
27816	Food	positive
27816	Interior	positive
27816	Price	positive
27816	Whole	positive
27816	Service	positive
18518	Food	positive
18518	Interior	absence
18518	Price	absence
18518	Whole	both
18518	Service	both
36017	Food	positive
36017	Interior	both
36017	Price	negative
36017	Whole	positive
36017	Service	positive
29395	Food	positive
29395	Interior	positive
29395	Price	absence
29395	Whole	positive
29395	Service	positive
10645	Food	both
10645	Interior	positive
10645	Price	positive
10645	Whole	both
10645	Service	positive
34045	Food	positive
34045	Interior	positive
34045	Price	absence
34045	Whole	positive
34045	Service	positive
18003	Food	both
18003	Interior	absence
18003	Price	absence
18003	Whole	both
18003	Service	positive
19677	Food	positive
19677	Interior	positive
19677	Price	positive
19677	Whole	positive
19677	Service	positive
11388	Food	positive
11388	Interior	positive
11388	Price	absence
11388	Whole	positive
11388	Service	positive
28083	Food	positive
28083	Interior	absence
28083	Price	absence
28083	Whole	positive
28083	Service	positive
6376	Food	positive
6376	Interior	positive
6376	Price	absence
6376	Whole	positive
6376	Service	positive
11421	Food	positive
11421	Interior	positive
11421	Price	absence
11421	Whole	positive
11421	Service	positive
24214	Food	negative
24214	Interior	absence
24214	Price	negative
24214	Whole	negative
24214	Service	negative
31963	Food	both
31963	Interior	positive
31963	Price	absence
31963	Whole	positive
31963	Service	positive
3152	Food	positive
3152	Interior	positive
3152	Price	absence
3152	Whole	positive
3152	Service	positive
10663	Food	positive
10663	Interior	positive
10663	Price	absence
10663	Whole	positive
10663	Service	positive
25709	Food	positive
25709	Interior	positive
25709	Price	absence
25709	Whole	positive
25709	Service	positive
719	Food	both
719	Interior	both
719	Price	absence
719	Whole	positive
719	Service	positive
18780	Food	positive
18780	Interior	positive
18780	Price	neutral
18780	Whole	positive
18780	Service	positive
13225	Food	positive
13225	Interior	positive
13225	Price	absence
13225	Whole	positive
13225	Service	absence
37516	Food	positive
37516	Interior	positive
37516	Price	absence
37516	Whole	positive
37516	Service	positive
30744	Food	both
30744	Interior	both
30744	Price	absence
30744	Whole	both
30744	Service	both
37473	Food	positive
37473	Interior	positive
37473	Price	positive
37473	Whole	positive
37473	Service	absence
34232	Food	positive
34232	Interior	positive
34232	Price	positive
34232	Whole	positive
34232	Service	positive
22975	Food	positive
22975	Interior	both
22975	Price	positive
22975	Whole	positive
22975	Service	positive
22015	Food	absence
22015	Interior	both
22015	Price	absence
22015	Whole	negative
22015	Service	negative
8555	Food	both
8555	Interior	positive
8555	Price	absence
8555	Whole	positive
8555	Service	positive
35486	Food	negative
35486	Interior	absence
35486	Price	absence
35486	Whole	negative
35486	Service	negative
10942	Food	positive
10942	Interior	positive
10942	Price	absence
10942	Whole	positive
10942	Service	positive
7824	Food	both
7824	Interior	absence
7824	Price	neutral
7824	Whole	negative
7824	Service	negative
11825	Food	positive
11825	Interior	both
11825	Price	absence
11825	Whole	positive
11825	Service	positive
26330	Food	positive
26330	Interior	positive
26330	Price	positive
26330	Whole	positive
26330	Service	positive
33693	Food	both
33693	Interior	neutral
33693	Price	positive
33693	Whole	positive
33693	Service	negative
8759	Food	positive
8759	Interior	positive
8759	Price	absence
8759	Whole	both
8759	Service	positive
1434	Food	positive
1434	Interior	positive
1434	Price	absence
1434	Whole	positive
1434	Service	positive
12203	Food	positive
12203	Interior	positive
12203	Price	neutral
12203	Whole	positive
12203	Service	positive
12880	Food	both
12880	Interior	positive
12880	Price	absence
12880	Whole	negative
12880	Service	negative
2073	Food	positive
2073	Interior	both
2073	Price	absence
2073	Whole	negative
2073	Service	negative
37611	Food	positive
37611	Interior	positive
37611	Price	positive
37611	Whole	positive
37611	Service	both
12341	Food	negative
12341	Interior	negative
12341	Price	absence
12341	Whole	negative
12341	Service	negative
36049	Food	positive
36049	Interior	positive
36049	Price	absence
36049	Whole	positive
36049	Service	positive
36483	Food	positive
36483	Interior	positive
36483	Price	positive
36483	Whole	positive
36483	Service	positive
1751	Food	positive
1751	Interior	positive
1751	Price	absence
1751	Whole	positive
1751	Service	neutral
14568	Food	positive
14568	Interior	positive
14568	Price	positive
14568	Whole	positive
14568	Service	negative
1032	Food	both
1032	Interior	absence
1032	Price	absence
1032	Whole	negative
1032	Service	both
13100	Food	both
13100	Interior	positive
13100	Price	absence
13100	Whole	positive
13100	Service	positive
1511	Food	both
1511	Interior	negative
1511	Price	positive
1511	Whole	positive
1511	Service	both
9036	Food	positive
9036	Interior	positive
9036	Price	absence
9036	Whole	positive
9036	Service	positive
27841	Food	both
27841	Interior	both
27841	Price	absence
27841	Whole	positive
27841	Service	positive
3452	Food	negative
3452	Interior	negative
3452	Price	absence
3452	Whole	negative
3452	Service	negative
38077	Food	positive
38077	Interior	both
38077	Price	absence
38077	Whole	positive
38077	Service	positive
32040	Food	both
32040	Interior	positive
32040	Price	neutral
32040	Whole	positive
32040	Service	positive
26887	Food	negative
26887	Interior	absence
26887	Price	absence
26887	Whole	negative
26887	Service	negative
35613	Food	positive
35613	Interior	positive
35613	Price	absence
35613	Whole	both
35613	Service	negative
37220	Food	positive
37220	Interior	positive
37220	Price	absence
37220	Whole	both
37220	Service	negative
7079	Food	positive
7079	Interior	absence
7079	Price	absence
7079	Whole	negative
7079	Service	negative
35635	Food	negative
35635	Interior	positive
35635	Price	absence
35635	Whole	negative
35635	Service	negative
11267	Food	negative
11267	Interior	negative
11267	Price	absence
11267	Whole	negative
11267	Service	negative
1052	Food	positive
1052	Interior	positive
1052	Price	positive
1052	Whole	both
1052	Service	negative
30148	Food	positive
30148	Interior	both
30148	Price	absence
30148	Whole	both
30148	Service	negative
24916	Food	positive
24916	Interior	positive
24916	Price	absence
24916	Whole	both
24916	Service	negative
13186	Food	absence
13186	Interior	both
13186	Price	absence
13186	Whole	both
13186	Service	both
1515	Food	negative
1515	Interior	positive
1515	Price	absence
1515	Whole	negative
1515	Service	both
797	Food	neutral
797	Interior	absence
797	Price	absence
797	Whole	both
797	Service	negative
22386	Food	positive
22386	Interior	absence
22386	Price	negative
22386	Whole	both
22386	Service	negative
3906	Food	positive
3906	Interior	positive
3906	Price	absence
3906	Whole	positive
3906	Service	positive
21574	Food	both
21574	Interior	positive
21574	Price	absence
21574	Whole	positive
21574	Service	positive
27040	Food	positive
27040	Interior	absence
27040	Price	absence
27040	Whole	positive
27040	Service	positive
34196	Food	positive
34196	Interior	positive
34196	Price	absence
34196	Whole	positive
34196	Service	positive
32442	Food	positive
32442	Interior	positive
32442	Price	absence
32442	Whole	positive
32442	Service	positive
6880	Food	positive
6880	Interior	absence
6880	Price	absence
6880	Whole	both
6880	Service	negative
19467	Food	positive
19467	Interior	absence
19467	Price	positive
19467	Whole	positive
19467	Service	positive
21059	Food	positive
21059	Interior	positive
21059	Price	absence
21059	Whole	positive
21059	Service	positive
33252	Food	positive
33252	Interior	positive
33252	Price	absence
33252	Whole	positive
33252	Service	positive
36085	Food	positive
36085	Interior	positive
36085	Price	absence
36085	Whole	positive
36085	Service	positive
33816	Food	positive
33816	Interior	positive
33816	Price	positive
33816	Whole	positive
33816	Service	positive
9870	Food	positive
9870	Interior	positive
9870	Price	positive
9870	Whole	positive
9870	Service	positive
4308	Food	positive
4308	Interior	positive
4308	Price	positive
4308	Whole	positive
4308	Service	positive
31778	Food	positive
31778	Interior	positive
31778	Price	positive
31778	Whole	positive
31778	Service	both
36079	Food	positive
36079	Interior	positive
36079	Price	absence
36079	Whole	positive
36079	Service	positive
20086	Food	both
20086	Interior	positive
20086	Price	positive
20086	Whole	positive
20086	Service	positive
35863	Food	positive
35863	Interior	both
35863	Price	absence
35863	Whole	positive
35863	Service	positive
11770	Food	both
11770	Interior	positive
11770	Price	absence
11770	Whole	positive
11770	Service	positive
37784	Food	positive
37784	Interior	both
37784	Price	absence
37784	Whole	positive
37784	Service	positive
23369	Food	both
23369	Interior	positive
23369	Price	negative
23369	Whole	both
23369	Service	positive
12678	Food	positive
12678	Interior	positive
12678	Price	absence
12678	Whole	positive
12678	Service	positive
9289	Food	positive
9289	Interior	positive
9289	Price	positive
9289	Whole	positive
9289	Service	positive
20021	Food	both
20021	Interior	both
20021	Price	negative
20021	Whole	positive
20021	Service	both
11027	Food	positive
11027	Interior	positive
11027	Price	positive
11027	Whole	positive
11027	Service	positive
8996	Food	positive
8996	Interior	positive
8996	Price	neutral
8996	Whole	positive
8996	Service	positive
1427	Food	positive
1427	Interior	both
1427	Price	absence
1427	Whole	positive
1427	Service	positive
3202	Food	positive
3202	Interior	positive
3202	Price	absence
3202	Whole	positive
3202	Service	positive
18148	Food	both
18148	Interior	both
18148	Price	negative
18148	Whole	both
18148	Service	negative
16568	Food	positive
16568	Interior	both
16568	Price	positive
16568	Whole	positive
16568	Service	both
37364	Food	positive
37364	Interior	positive
37364	Price	both
37364	Whole	positive
37364	Service	positive
28585	Food	positive
28585	Interior	positive
28585	Price	absence
28585	Whole	positive
28585	Service	positive
1878	Food	positive
1878	Interior	positive
1878	Price	absence
1878	Whole	positive
1878	Service	positive
19746	Food	positive
19746	Interior	positive
19746	Price	absence
19746	Whole	both
19746	Service	both
2168	Food	both
2168	Interior	both
2168	Price	absence
2168	Whole	both
2168	Service	both
35904	Food	positive
35904	Interior	positive
35904	Price	absence
35904	Whole	positive
35904	Service	positive
20862	Food	neutral
20862	Interior	absence
20862	Price	absence
20862	Whole	negative
20862	Service	both
36407	Food	positive
36407	Interior	positive
36407	Price	both
36407	Whole	positive
36407	Service	positive
11532	Food	positive
11532	Interior	positive
11532	Price	positive
11532	Whole	positive
11532	Service	positive
32926	Food	positive
32926	Interior	positive
32926	Price	absence
32926	Whole	positive
32926	Service	positive
25960	Food	negative
25960	Interior	negative
25960	Price	negative
25960	Whole	negative
25960	Service	negative
34889	Food	positive
34889	Interior	positive
34889	Price	absence
34889	Whole	positive
34889	Service	positive
10985	Food	positive
10985	Interior	negative
10985	Price	absence
10985	Whole	negative
10985	Service	both
9721	Food	positive
9721	Interior	positive
9721	Price	positive
9721	Whole	positive
9721	Service	positive
24275	Food	positive
24275	Interior	both
24275	Price	absence
24275	Whole	positive
24275	Service	positive
6564	Food	positive
6564	Interior	positive
6564	Price	absence
6564	Whole	positive
6564	Service	positive
13623	Food	both
13623	Interior	positive
13623	Price	neutral
13623	Whole	positive
13623	Service	positive
12814	Food	both
12814	Interior	absence
12814	Price	absence
12814	Whole	both
12814	Service	negative
16714	Food	both
16714	Interior	neutral
16714	Price	absence
16714	Whole	positive
16714	Service	positive
785	Food	both
785	Interior	positive
785	Price	negative
785	Whole	both
785	Service	positive
33538	Food	positive
33538	Interior	positive
33538	Price	absence
33538	Whole	positive
33538	Service	positive
13252	Food	positive
13252	Interior	positive
13252	Price	both
13252	Whole	positive
13252	Service	positive
1749	Food	both
1749	Interior	absence
1749	Price	positive
1749	Whole	positive
1749	Service	both
17999	Food	both
17999	Interior	positive
17999	Price	negative
17999	Whole	both
17999	Service	both
19817	Food	positive
19817	Interior	positive
19817	Price	positive
19817	Whole	positive
19817	Service	positive
34402	Food	positive
34402	Interior	positive
34402	Price	negative
34402	Whole	positive
34402	Service	positive
3236	Food	both
3236	Interior	absence
3236	Price	positive
3236	Whole	both
3236	Service	absence
3552	Food	positive
3552	Interior	positive
3552	Price	absence
3552	Whole	positive
3552	Service	positive
9230	Food	both
9230	Interior	both
9230	Price	absence
9230	Whole	both
9230	Service	both
28112	Food	positive
28112	Interior	both
28112	Price	absence
28112	Whole	positive
28112	Service	both
34710	Food	positive
34710	Interior	absence
34710	Price	absence
34710	Whole	negative
34710	Service	negative
7417	Food	positive
7417	Interior	positive
7417	Price	positive
7417	Whole	positive
7417	Service	positive
27169	Food	positive
27169	Interior	positive
27169	Price	positive
27169	Whole	positive
27169	Service	positive
9076	Food	positive
9076	Interior	absence
9076	Price	absence
9076	Whole	negative
9076	Service	both
17475	Food	positive
17475	Interior	both
17475	Price	negative
17475	Whole	both
17475	Service	both
38772	Food	positive
38772	Interior	positive
38772	Price	absence
38772	Whole	positive
38772	Service	positive
9776	Food	both
9776	Interior	positive
9776	Price	negative
9776	Whole	both
9776	Service	positive
5155	Food	positive
5155	Interior	positive
5155	Price	absence
5155	Whole	positive
5155	Service	positive
11355	Food	both
11355	Interior	absence
11355	Price	absence
11355	Whole	positive
11355	Service	positive
33798	Food	positive
33798	Interior	positive
33798	Price	absence
33798	Whole	positive
33798	Service	positive
3647	Food	positive
3647	Interior	positive
3647	Price	absence
3647	Whole	positive
3647	Service	positive
20861	Food	negative
20861	Interior	positive
20861	Price	absence
20861	Whole	negative
20861	Service	negative
2006	Food	positive
2006	Interior	positive
2006	Price	absence
2006	Whole	positive
2006	Service	positive
36589	Food	positive
36589	Interior	positive
36589	Price	absence
36589	Whole	positive
36589	Service	positive
2089	Food	positive
2089	Interior	absence
2089	Price	absence
2089	Whole	negative
2089	Service	negative
1269	Food	positive
1269	Interior	positive
1269	Price	absence
1269	Whole	positive
1269	Service	positive
35325	Food	both
35325	Interior	both
35325	Price	positive
35325	Whole	positive
35325	Service	both
15423	Food	both
15423	Interior	positive
15423	Price	absence
15423	Whole	positive
15423	Service	positive
4658	Food	positive
4658	Interior	positive
4658	Price	positive
4658	Whole	positive
4658	Service	positive
12372	Food	positive
12372	Interior	both
12372	Price	positive
12372	Whole	positive
12372	Service	absence
34334	Food	positive
34334	Interior	positive
34334	Price	positive
34334	Whole	positive
34334	Service	positive
2364	Food	positive
2364	Interior	positive
2364	Price	absence
2364	Whole	positive
2364	Service	positive
3762	Food	positive
3762	Interior	neutral
3762	Price	absence
3762	Whole	positive
3762	Service	both
15758	Food	both
15758	Interior	absence
15758	Price	absence
15758	Whole	both
15758	Service	positive
30368	Food	positive
30368	Interior	positive
30368	Price	negative
30368	Whole	positive
30368	Service	positive
7053	Food	positive
7053	Interior	positive
7053	Price	positive
7053	Whole	positive
7053	Service	positive
25753	Food	positive
25753	Interior	positive
25753	Price	positive
25753	Whole	positive
25753	Service	positive
24132	Food	positive
24132	Interior	positive
24132	Price	absence
24132	Whole	positive
24132	Service	positive
36166	Food	positive
36166	Interior	positive
36166	Price	absence
36166	Whole	positive
36166	Service	positive
33524	Food	positive
33524	Interior	positive
33524	Price	absence
33524	Whole	positive
33524	Service	absence
28710	Food	positive
28710	Interior	positive
28710	Price	absence
28710	Whole	positive
28710	Service	positive
9216	Food	negative
9216	Interior	positive
9216	Price	absence
9216	Whole	negative
9216	Service	negative
16761	Food	positive
16761	Interior	positive
16761	Price	absence
16761	Whole	positive
16761	Service	positive
36321	Food	both
36321	Interior	positive
36321	Price	absence
36321	Whole	positive
36321	Service	positive
33598	Food	positive
33598	Interior	positive
33598	Price	absence
33598	Whole	positive
33598	Service	positive
33912	Food	positive
33912	Interior	positive
33912	Price	absence
33912	Whole	positive
33912	Service	positive
10825	Food	positive
10825	Interior	positive
10825	Price	absence
10825	Whole	positive
10825	Service	both
16151	Food	positive
16151	Interior	both
16151	Price	negative
16151	Whole	positive
16151	Service	positive
8589	Food	positive
8589	Interior	positive
8589	Price	positive
8589	Whole	positive
8589	Service	positive
21399	Food	positive
21399	Interior	positive
21399	Price	absence
21399	Whole	positive
21399	Service	positive
37070	Food	positive
37070	Interior	both
37070	Price	positive
37070	Whole	both
37070	Service	absence
15567	Food	both
15567	Interior	both
15567	Price	absence
15567	Whole	negative
15567	Service	negative
35620	Food	positive
35620	Interior	absence
35620	Price	absence
35620	Whole	positive
35620	Service	positive
7011	Food	positive
7011	Interior	positive
7011	Price	absence
7011	Whole	positive
7011	Service	positive
18372	Food	positive
18372	Interior	absence
18372	Price	absence
18372	Whole	positive
18372	Service	positive
19439	Food	positive
19439	Interior	positive
19439	Price	neutral
19439	Whole	positive
19439	Service	positive
2606	Food	positive
2606	Interior	positive
2606	Price	absence
2606	Whole	both
2606	Service	both
11058	Food	neutral
11058	Interior	absence
11058	Price	absence
11058	Whole	positive
11058	Service	positive
10099	Food	positive
10099	Interior	positive
10099	Price	absence
10099	Whole	positive
10099	Service	absence
24217	Food	both
24217	Interior	positive
24217	Price	negative
24217	Whole	positive
24217	Service	positive
21856	Food	positive
21856	Interior	positive
21856	Price	absence
21856	Whole	positive
21856	Service	positive
34307	Food	negative
34307	Interior	negative
34307	Price	negative
34307	Whole	negative
34307	Service	negative
1308	Food	positive
1308	Interior	positive
1308	Price	absence
1308	Whole	positive
1308	Service	positive
14539	Food	positive
14539	Interior	both
14539	Price	neutral
14539	Whole	positive
14539	Service	both
38299	Food	positive
38299	Interior	positive
38299	Price	absence
38299	Whole	positive
38299	Service	positive
32206	Food	both
32206	Interior	positive
32206	Price	positive
32206	Whole	positive
32206	Service	positive
12131	Food	positive
12131	Interior	positive
12131	Price	absence
12131	Whole	positive
12131	Service	both
7193	Food	positive
7193	Interior	positive
7193	Price	absence
7193	Whole	positive
7193	Service	positive
36126	Food	positive
36126	Interior	positive
36126	Price	absence
36126	Whole	positive
36126	Service	positive
27620	Food	negative
27620	Interior	positive
27620	Price	negative
27620	Whole	negative
27620	Service	negative
2468	Food	positive
2468	Interior	positive
2468	Price	absence
2468	Whole	positive
2468	Service	positive
7982	Food	negative
7982	Interior	negative
7982	Price	absence
7982	Whole	negative
7982	Service	negative
13912	Food	positive
13912	Interior	both
13912	Price	neutral
13912	Whole	positive
13912	Service	positive
18756	Food	both
18756	Interior	positive
18756	Price	negative
18756	Whole	both
18756	Service	neutral
16676	Food	positive
16676	Interior	both
16676	Price	positive
16676	Whole	positive
16676	Service	positive
20397	Food	positive
20397	Interior	positive
20397	Price	absence
20397	Whole	positive
20397	Service	positive
10798	Food	positive
10798	Interior	positive
10798	Price	positive
10798	Whole	positive
10798	Service	positive
343	Food	positive
343	Interior	positive
343	Price	absence
343	Whole	positive
343	Service	both
6962	Food	both
6962	Interior	absence
6962	Price	absence
6962	Whole	positive
6962	Service	both
9878	Food	negative
9878	Interior	absence
9878	Price	absence
9878	Whole	negative
9878	Service	negative
28258	Food	positive
28258	Interior	positive
28258	Price	neutral
28258	Whole	positive
28258	Service	positive
16630	Food	positive
16630	Interior	positive
16630	Price	absence
16630	Whole	positive
16630	Service	positive
